date;content
1/01/2025;Que manera de empezar el año, la verdad fue un día bastante caótico, empezando por una llamada en la madrugada donde se pensaba terminar, luego una visita mañanera para confirmar todo lo escuchado en la llamada y por último una visita en la noche para aclarar lo sucedido y seguir juntos. PD: Que bonito mi regalo
2/01/2025;El día transcurrió como de costumbre, platicamos y enviamos tiktoks, por la noche yo salí y te iba a saludar a distancia, a esto tú me dijiste que mejor te pasara dando un besito (como me gustó eso) pasaron cositas, pequeños disgustos, pero era más carga emocional que yo tenía en ese momento, te agradezco por ser mi lugar seguro.
3/01/2025;Hoy olvidaste pasar a traer a Tun ajajjaja también terminé de probar los chuchitos y paches que me diste (estaban bien ricos), hasta que llegó la noche y por un saludo pasaron cositas, tuvimos un tiempo de plática bajo la lluvia, te escuchaba mientras me contabas todo y luego fuimos a la rueda de chicago, terminamos platicando en una banca del parque, ya no sabía que más te podía decir, pero quería seguir a tu lado para acompañarte en todo momento. 
4/01/2025;"De mi lado tuve una plática primera con mi suegrita sobre los eventos ocurridos el día de ayer, considero que estoy permitió que las cosas se aclararan, más tarde baje y platiqué contigo sobre todo, afortunadamente hoy tuvimos nuestra primera salida del año, fuimos a probar tacos, yo quería tacos de lengua, pero no habían ;( tú probaste unos tacos de birria y luego los calificamos, tú diste un 7/10 y yo un 8/10, seguiremos en la búsqueda de buenos tacos, luego fuimos a pegarle un poco al saco de box de Andaria y quisimos jugar billar, pero estaban ocupadas las mesas ;( "
5/01/2025;Iniciamos tratando de hacer nuestra combinación para llegar a dominical iguales, creo que no tenemos la misma visión de un color corinto jajaaja en la tarde todo tranquilo, hasta que llegó la noche, pasaron cositas y hubo una ligera discusión, a la que afortunadamente logramos llegar a un acuerdo y estar en paz. 
6/01/2025;Hoy ibamos a iniciar a ir al gimnasio, pero no se pudo porque nos habíamos desvelado un día antes, te toco trabajar hasta tarde saliste a las 7:00 p.m. pero obveamente fui a esperarte, porque ya estaba oscuro, eso nos permitió vernos un ratito (aunque mi nuevo corte te pareció raro porque estaba aplastado por la gorrar jaja) 
7/01/2025;Hoy fue nuestro primer día de gimnasio, la verdad se sintió tan bonito, que aunque cada uno estuviera en su rutina teníamos unos breves momentos para poder ir, darle un besito o abrazo al otro, por la tarde nos vimos un rato y avanzamos en los stickers para los cuadernos de Oliver, terminamos el día discutiendo y con el problema más grande hasta el momento de la relación. 
8/01/2025;Día muy complicado debo decir, mis ganas de escribirte, de hablar no se van, toco ir a Guate y estar muy intranquilo porque no te escribía, aún así en la noche te mandé un par de tiktoks que expresaban mi sentir. 
9/01/2025;Considero este día bastante fuerte, aun con el poco sueño toco nuevamente ir a Guate, se empezaba a notar el cansancio físico y mental, por la tarde al regresar fui con Oliver a terminar sus stickers, la verdad estaba muy emocionado pensando en que dinosaurios poner, por lo mismo algunos llevan más de uno, estuvo complicado la despedida porque solo preguntaban el motivo del porque no me quedaba y te esperaba. 
10/01/2025;Este fue el peor día, la madrugada me puso sentimental y me dispuse a escribirte y expresarte mis sentimientos mediante una carta, la verdad es que se quedó corta, me hubiera gustado mencionar muchas cosas más, por la noche había reunión de escuela dominical, realmente quería verte, pero afortunadamente también tenía yo una reunión con el equipo de multimedia, así que decidí darte más espacio, por la noche ya pudimos platicar más sobre nuestra situación, considero que un poco más tranquilos y acordamos hablar mañana en persona. 
11/01/2025;Hoy cumplimos 13 meses de estar juntos, fue un día con muchas cosas entre los dos, primero que nada se llegó el momento esperado de la plática, ambos expresamos nuestro sentir y que pasaba, me siento muy feliz de que hayamos podido llegar al acuerdo de seguir juntos, aunque me hayas dicho que todo sería algo diferente, pero que esperabas no cambiar mucho, eso le dio un alivio a mi corazón. Seguimos siendo un EQUIPO. 
12/01/2025;"Hoy fue un día bastanteee bonito, llegaste tarde a dominical, no me quisiste contar :""( como que ya no me tienes la misma confianza ;( a pesar de ese mínimo detallito el resto del día fue espectacular, por la tarde vimos el partido del barcelonita, uffff tremendo partidazooo y lo mejor victoriaaaa, al terminar bajamos y vimos una película, me quedé dormidooooo :o pero se sintió tan bonito dormir en tu pecho (es primera vez que sucede) por la noche fuimos a comer y una plática tan amena con tu familia, me gusta sentir que cada vez nos llevamos mejor."
13/01/2025;Hoy fue un día tranquilito, iniciamos con ir al gym, fue muy bonito las visitas entre descansos y unos besitos, como me encantaaa esoooo. <br>En cosas por destacar solamente que hoy estabas al perdida en el tiempo jaja y yo bien ocupado:(
14/01/2025;Hoy fue un día muy bonito, tuvimos la primer salida de cafecito del año, plática muy amena, chismecito y de todo un poco, se que te esta costando seguir igual y que nada cambie, te lo dije y lo dejo plasmado acá, perdón, enserio trato de entender y comprenderte, pero algunas veces si me siento extraño o diferente, yo buscaré la manera de igual seguir como siempre y como soy, te amo mi niña hermosa.
15/01/2025;Hoy fue la presentación de directivas en la iglesia, debo decir que estabas hermosa con ese vestido verde 😍, luego un tiempo de plática después de servicio (amo estos tiempos de tú y yo)
16/01/2025;Día bastante interesante, siempre es bonito poder compartir contigo estos momentos tan únicos e íntimos, dormir junto a ti es tan bonitooo.
17/01/2025;Hoy los dos estabamos con sueño jajaja es que iniciamos haciendo cardio y luego fuimos al gym a hacer cardio :0 por la noche solamente tuvimos un tiempo de llamadita bastante bonito.
18/01/2025;Se cumplió el cafecito con la suegrita jajaja un tiempo muy bonito, al inicio si estaba medio molesto por el tema tiempo, pero luego de ello todo tranquilo, me gustó la plática, muy ameno el tiempo, luego regresamos y volvimos a salir para comer, terminamos viendo a la mamichula le decían jajajaja naaah, día muy bonito contigo. 
19/01/2025;Hoy cocinamooos crepaaaaas, la verdad quedaron muy bien, aunque el color estaba rarito jajaja 
20/01/2025;Inicia nuestra búsqueda de velitas y cosas para el pastel de mi suegrita la próxima semana, no conseguimos, pero eso significa salir otro día para buscar nuevamente.
21/01/2025;El día de hoy fuimos a ver <strong> Interestelar </strong>, fuaaa que película más buena, me gustó un montón, pero más porque iba junto a ti, aunque no nos dejaron entrar nuestras bobas jajajaja
22/01/2025;Día bastante tranqui y bonito, aunque hay veces que siento que soy exagerado por pedir más y más tiempo a tu lado en el gym, pero con el tiempo se que se irá dando. 
23/01/2025;Uff que día el de hoy, ya hacía falta tener un momentito de besos y abrazos, hoy comí tus taquitos por primera vez y enserio que me gustarooon. 
24/01/2025;Hoy fue un día bastante curioso jaja creo que estoy siendo muy exagerado con ciertos gestos o como reacciono cuando no me tratan bonito, no me gusta eso, vamo a tratar de bajarle un poquito, tuvimos una salidita express en busca de velitas, pero fracasamos, no había de las shidas, cosas destacables de hoy, tuvimos un momento a solas bonito, aunque ambos consideramos que nos estamos dejando llevar mucho
25/01/2025;Que día tan bonito, nos vimos por la tarde para ir a buscar el regalo de tu mamá, anduvimos con Oliver dando vueltas, fuimos a comer y regresamos a jugar un ratito, estuvo muy bonito todo, cada vez me haces mucha falta cuando no estamos juntos.
26/01/2025;Hoy lo considero como un día bien bonito porque, primero, estuve contigo, segundo comí de las dobladas que hicieron (estaban bien ricas) y tercero, ganó el Barcelona, lastimosamente ya por la noche no pudo continuar la aventura, pero habían compromisos jajaja AMOOOO eestar contigo.
27/01/2025;Que más puedo decir de hoy, un día genial, iniciamos quemando cuetes, fuimos al gym, tristemente aún te sientes insegura conmigo o dudas de mí, pero bueno, espero que podamos seguir creciendo y mejorando, luego el tiempo del cumpleaños, todo bonito, cada vez me voy sintiendo más cercano y eso me pone contento, amo pasar tiempo contigo y que vivamos juntos experiencias así.
28/01/2025;Este día no fuimos al gimnasio porque ayer nos desvelamos limpiando jajaja pero aún así tuvimos nuestro tiempo para vernos y en realidad que todo es muy bonito a tu lado, esperemos que la oferta que esta sobre la mesa (Aún no tengo mayor información) pueda darse de manera remota, quiero seguir a tu lado en cada momento y no estar a la distancia. 
29/01/2025;Pocas cosas del día de hoy, gimnasio (me gustaa ir contigoooooo🤭) por la tarde fui un ratito contigo y hoy hubieron flores (gerberas), me alegra mucho que te hayan gustadooo. 
30/01/2025;Que más podría decir del día de hoy, simplemente fue un día muy bonito, hoy entrenamos juntos hombro, toco cargar un poquito más jajaja pero me gusta cuando lo hacemos juntos porque me esfuerzo más, por la noche todo muy bonito, en realidad amo tener esos momentos contigo.
31/01/2025;Iniciamos el día con un cafecito platicando sobre lo sucedido la noche anterior, es muy bonito poder tener pláticas de ese estilo contigo, prometí ayudar a que no vuelva a suceder, al menos en un 70%, creeme que quisiera ofrecer más porcentaje, pero tristemente algunas veces se que mis deseos me ganaran, ahhhhhhhhhhhhhhhh ya quiero vivir contigooooo jajaja 
1/02/2025;"Hoy no nos vimoooooos ;( la verdad solo puedo decir que si extrañe mucho verte el día de hoy, por la tarde me hiciste una bromita que me dejo pensando jaja pero de ahí todo bieeeen, así que tranqui, me pareció raro que no fueras por pestañas si habías ido a San Lucas, pero supongo que otros mandados, ya quierooo verte mañanaaaa."
2/02/2025;"Veamos que sucedió el día de hoy, fue un domingo diferente porque no estuve la tarde contigo ;( aunque ahorita ya en la noche estuvimos platicando y luego viendo su serie ajajaja <br> Comentario del día: QUEEE HERMOSAAAAA, enserio me encanta como te ves con colores claros"
3/02/2025;Por salir tarde ayer, no fuimos al gym hoy jajaja pero si hubieron tulipanes por la tardeeee 🤭 bueno, solo uno jajaja me alegra saber que te haya gustado
4/02/2025;Iba todo tranquilo en el gym, pero pum, me molesté, tristemente en ese momento no hiciste algo por preguntar o interesarte, me hubiera gustado que sucediera, por la noche fuimos por crepas y unas papotas, que vaya que estaban grandes, platicamos un poco sobre lo acontencido en la mañana y creo que vamos avanzando en esto. 
5/02/2025;Día de hombro juntooos 🫣hoy fui con camiseta al gym, casi no lo hago, pero me gustó, aunque más me gustó las fotos que nos tomamos despuéees. UFFFFFFFFFFFFFFFFFFF <br> No te pude ver la tardeee, que tristezaaa
6/02/2025;Hoy en el gym, existen las casualidades y justo cuando me iba a enviar unas fotos cae un mensaje de alguien no agradable para mí, lo borré jajajaja no quería que lo vieras. <br>Básicamente transcurrió un día fuerte para los dos en el trabajo (más para ti), pero se sintió taaaan bien, el poder desahogarme contigo y quejarme, recibir mimos y besitos mientras me quejaba fue bonito 🤭 al igual que la plática en la cena, me gusta que podamos expresar lo que sentimos, se que te está costando, hay cosas que no sabes como expresarlas, pero quiero ayudarte a que lo hagas, que puedas sentirte plena conmigo, yo buscaré y haré lo que esté a mi alcance para lograrlo, al momento de que estés leyendo esto, me gustaría saber si lo he logrado o aún sigue en proceso.<br>Te amooo mi niña bella🥹
7/02/2025;"El día de hoy hicimos pierna, elevaciones creo que se llaman jajaja pero tú haces con dos discos, yo lo intenté, pero aún me falta pulir bien bien la técnica, creo que se puede ir mejorando, tú día estuvo muy pesado ;( realmente quisiera poder ayudarte, pero no sé comooooo. <br> Por la tarde, fui a verte un ratito, estabas con mucho frío, tú mamá llamó jajaja imagino que hoy te quedaste dormida temprano, espero que mañana amanezcas mucho mejor."
8/02/2025;No te viiiiiiiii😩😩 hoy no nos vimoooos, que tristeeee, el día fue muy normal, hasta que en la noche fui a verte y no estabas jajaja pero ahora en la noche una llamadita larga para enviarnos reels🤭
9/02/2025;"Un día agridulce le podría decir jajaja todo tranqui, dominguito de iglesia, por la tarde no pudimos pasar un tiempo juntos, realmente esos tiempos siempre me hacen falta ;( pero en lado positivo, en la noche tuvimos un tiempo de platica, besitos, abrazos y juegooos, inicie mencionando que fue agridulce, porque si me tocaron mucho las palabras de ""Como jode, usted arruina la salida en familia"" y aunque trate de tomarlo como broma en su momento, la verdad no pude aguantar mucho, gracias por tus abrazos en ese momento, aunque eso me pusieron más débil jaja porque si estaba aguantando el sentimiento. "
10/02/2025;Comenzamos con sueñitoo jajaja hoy toco día de abdomeeeen 😮 tú haciendo abdomeen mi amoor :o fue día que transcurrió con tranquilidad, te llamé al regresar del trabajo, pero estabas en el baño jajajajaja amo que me contestes aún así, para decir que luego seguimos hablando. (No me ayudaste con mi tarea 😭)
11/02/2025;Llegaaamoooos al año y dos meseeeees, sin duda estos últimos meses después del año, han tenido sus altos y bajos, pero vamos superandolos, que es lo importante, para el día de hoy aún me encuentro con mucha vergüenza porque no me encuentro solvente, armamoos un lego de flores en Dunkin y fue un tiempo bonito de plática, siempreeee existeen las casuaaalidadees 😵‍💫 para el final en la noche me dio tremenda pena aceptar tu oferta de pagar, me arrepentí en el momento y mejor ahí se quedó, ya no te pasé la cuenta ni nada jajaja Te amo mi niña bella, gracias por ser mi apoyo. 
12/02/2025;"Hoy en el gym siento que exagero a veces en como me siento, solo porque me niegues un abrazo no significa que no me quieras, aunque tristemente lo tomo así, creo que yo soy el problema ;( nuestro día transcurrió en cada quién haciendo sus cositas, tú el día de hoy no tuviste clases y que calidad, pudiste descansar un poco mi cielito. "
13/02/2025;Nos volvimooos a veeeeer jajja (en la tarde) siempre hacen falta esos momentitos de besitos y abracitooos, aunque dude de subir porque no sabía si estaba tu hermano, pero tuvimos un tiempo bonito, después por la noche una plática tranquilita con un café rico, hablamos sobre como eran otras relaciones y si cambiaban.
14/02/2025;Y pasamos un día del amor, nuestro segundoooo 🤭 debo decir que este iba un poco sentimental por lo que pasaba con mi hermana, pero que bonito saber como te das cuenta que no estoy bien 🥹🥹 eso realmente es un sentimiento tan bonitooooooo. Me encantó el pelucheeeeeee. TE AMOOOOOOOOOOOO.
15/02/2025;"Sábado sin vernos ;( ibamos a vernos por la tarde, pero pasaron cositas dijiste, aún me tienes que contar que pasó, lo bueno es que tuvimos una llamadita extensa mientras tu arreglabas tu ropa y yo estaba haciendo tarea, luego nos quedamos dormidos en llamadaaaa. "
16/02/2025;"Dominguinto de novioooooooos, fua hoy sentí tan bonito cuando dijiste ""él es mi novio"" aaahhhhhhhhhhhhhhhhhh, eso me gustó un montón, fuimos al mercado por mariscos, después solucionar problemas con el teléfono de mamá, se pudooo recuperar tiktok ajajaja y por la noche siguió el tiempo de noviooos 🤭 amo todo contigo. <br>Perdón si a veces me paso contigo en tocarte o algo así 😭 cuando leas esto me gustaría que me cuentes, como vivimos esto en un futuro, ¿Sigue así? ¿Cambió algo? "
17/02/2025;Hoy día sin verte 🥲 estuvimos platicando muy poco, inicia tu semana de parciales y espero que te vaya muy bien🙌🏽 luego me puse en mood sensible porque no me respondiste bonito y terminamos hablando por llamada, tristemente aún no te sientes segura conmigo 😔😔 cuando leas esto quisiera saber, ¿ya te sientes segura conmigo? <br>Al parecer no vale la pena ser buena persona, siento que he intentado todo y no rinde frutos, te he demostrado que eres única para mí, que eres mi todo, he soportado cosas y comentarios por ti, he hecho cosas y al parecer nada vale la pena. Ya no sé que más hacer, quiero darte seguridad, pero la verdad ya no sé que más puedo hacer😭
18/02/2025;"Primer entreno que tenemos de pechitoooooo jajajaja estuvo bastante bien, tristemente hoy no nos pudimos ver después de clases, como ya empezaba a ser costumbre de martes ;( pero fue por tu examen de financiera, que espero te vaya bien, por la noche que rarooo, yo sintiendome mal por que no me respondaaas ;( "
19/02/2025;"Hoy no hubo entreno porque me tocó ir a Guate, pero si hubo besito antes de emprender rutaaaaa, luego al regresar una llamadita en el camino y tenía muchas ganas de verte, veniste un ratito porque tenías parcial, pero gracias por ese ratitoooo, estuve a punto de acompañarte también para salir más tardecito, pero al final no ;( "
20/02/2025;Hoy entrenamos hombroooo, el día transcurrió con normalidad, pero al final por la tarde una visita bonita llegó a mi casa 🤭 tiempo solitos bonito y luego fuimos por un hot-dog a la puma, no estaban taaaaan buenos jajaa pero la compañía si que lo estaba. 
21/02/2025;Hoy estuvo tremendo el día, en la mañana bien mareado por el ejercicio jajaja aunque también creo que fue por comer mucho un día antes, debo decir que por la tarde ya quería verte y ese momento solitos, estuvo muy bonito, nos dejamos llevar, pero también se siente bien en el momento. Luego me quedé con la espinita de que si quieres más a tu amigo que a mí, pero luego te lo pregunté y todo tranqui. <br>Salieron bien las gomitas, aunque siento que hubieran quedado mejor con chamoy jajaja pero no había
22/02/2025;"No nos vimos ;( por la tarde-noche una llamada un tanto agridulce, no sé que sucedió, de un momento a otro, todo se empezó a arruinar, considero que tuve mayor culpa, aunque también tú un poco, platicamos, videollamamos y todo, fue bonito al final, terminamos platicando de varias cositas y al final ni sentíamos el tiempo, hasta cenamos juntos. "
23/02/2025;Por la mañana todo bien en dominical, excepto en la salida, donde quise tomar tu mano y simplemente la quitaste, después de dijiste que fue porque no te sentías cómoda, realmente duele mucho saber que por cosas que haga nada sirve, no cambia eso, me gustaría saber si actualmente sigues sintiendote así, ya ha pasado más tiempo para cuando leas esto, entonces te preguntó <b>¿Sigues sientiendote incómoda conmigo?</b><br>Más tarde saliste, fuiste de compras y que bonito se sintió sentirme incluido mientras me mandabas fotos y todo, fuaaaaaa😍 En la noche todo iba bien, hasta que hubo una pelea acá con mi padre, no aguanté el sentimiento y toco llorar, creo que se está volviendo muy seguido y no me gusta, tal vez pienses que soy débil, pero gracias por acompañarme en la llamadita. 
24/02/2025;"Hoy no hubo GymNovios ;( pero si hubo tiempito por la tarde para estar juntos un ratito adornando para el cumpleaños de mi bro, que bonito compartir diferentes experiencias contigo, todo alegre, los juegos, la comida, luego jugando BASTA, creo que fue el primer mini acercamiento con tu hermano mayor, ahí vamos. "
25/02/2025;Hoy si hubo GymNovios jajaja como buen primer día, yo con pechito y tú con pierna, durante el día casi no hubo plática, solo que ya habíamos acordado tener nuestra CoffeNight, aunque por algún motivo luego cuando regresaste del trabajo tuvimos una llamadita y surgió la idea de quedarme a dormir, solo puedo decir que sensación tan bonita es que todo se de contigo, realmente quiero estar contigo siempre, cada experiencia, cada emoción, cada sensación, sentir de todo, pero contigoo mi amor. 
26/02/2025;Estuvimos algo cansado/desvelados por anoche, que en el gym fue más que todo solo cardío, el día tu estuviste full ocupada, trabajando en todas las liquidaciones, en mi caso estuve con clases, luego por la tarde tuvimos una llamadita y platicamos un ratito, fuiste a tu exposción, pero ni pasaste jajajaja luego regresaste y nuevamente una llamada, como me gustaaaa hablar contigo, aunque a veces me quede sin tema o dormido jajaja pero amoooo hablar contigo. 
27/02/2025;Hoy nos quedamos dormidos ambos jaajja ya ni fuimos al gym, el día transcurrió con normalidad, pero por la noche la brillante idea de volver a quedarme a dormir contigo, fuaaaa, tremenda carrera la que lancé jajaja todo bien bonitooo y estar junto a ti, es bonito.
28/02/2025;Nuevaaamenteee cansados y algo desvelados, que solo fuimos por un cafecito a la Puma, que bonito sentí cuando me contaste lo de que siempre habías querido aprender a tocar teclado, era algo que yo no sabía y el que me contarás eso, me sentí muy especial, más tardecito veniste un rato a mi casa antes de ir a la U, amo todo el tiempo que podemos tener juntos, por la noche te dormiste temprano, yo me quedé finalizando la página web y al finaaaal se terminó.
1/03/2025;"Digamos que tenía mucha ilusión de poder salir contigo hoy, quería contarte lo que había completado ayer y como todo se dio, celebrar contigo ya que era mi primer logro en desarrollo web, pero tampoco te iba a obligar si no tenías ganas de salir, aunque de igual manera después estabas con tu mamá en Andaria y terminamos platicando un poco ahí, dijiste varias cosas que me quedaron, en la noche te lo dije y siento que cada vez que te expreso como me siento, todo termina mal, en la llamada iniciaste diciendome las frases bonitas como ""amor"", ""bebé"" y así, pero al terminar la llamada, ya fue nada, puro silencio, decidí cortar y luego tú llamaste diciendo que no querías que esto se quedará así, pudimos hablar, yo considero que lo logramos solucionar.<br>Quiero hacer algo este mes, imagino que cuando lo leas quizá no te guste que lo haya hecho, pero planeo guardarme todo este mes, cualquier trato frío, seco, me lo guardo, cualquier comentario, me lo guardo, trataré de no decir nada, para que pasé a peores cosas. "
2/03/2025;"Que día, no tengo más palabras para este día, sé que ayer que me iba a guardar las cosas, pero si se complica la situación y no puedo, me cuesta, terminé preguntando el motivo del porqué me dejas a la salida de la iglesia, fuimos en silencio porqué tú no me decías nada, más adelante te pregunté si no dirías nada, a lo que solo me dijiste, <b>NO</b>, la frase que más me queda es cuando me dijiste <b>""Mira que haces""</b> y seguiste de largo, dejándome ahí con mis preguntas y comentarios, donde nuevamente caigo en que al yo decir algo, suceden estas cosas, por la tarde medio hablamos, considero que ambos molestos en cierto punto, antes del servicio te dije si podíamos vernos un rato, dijiste que sí, pero algo que también me quedó es el: <b>Pero sin abrazarnos</b>, acepté, al inicio estaba distante, conforme los minutos y hablabamos, te dije que si te podía abrazar, dijiste que sí y de ahí empezamos a platicar sobre la situación que estamos actualmente, yo no quiero dejarte, enserio que no quiero, pero tampoco quiero que te sigas sintiendo así, yo no sé que hacer, realmente siento que no es que vea a otras personas, pero tú dices que sí, voy a ver que hago, pero no quiero dejarte, me gustaría saber si para cuando leas esto, ¿Todo sigue siendo igual? "
3/03/2025;"No nos vimos 🥲 y también podría decir que la plática estuvo mas o menos, dije que no diría nada y eso estoy tratando, pero igual todo quedará escrito jajaja así que lo leerás en su momento :0 puedo sentirte algo seca conmigo aún, no me dijiste <b>Te Amo</b> al momento de despedirnos, solo fue un ""Que descanses bien"", pero bueno, mejor vamo a dormir, se cancela, ya me dijiste te amo jajajaja estaba terminando mi lección de duolingo cuando me escribiste y dijiste te amo."
4/03/2025;"La cama nos ganó jajajaja no fuimos al gym por seguir durmiendo un ratito jajaja en la noche tuvimos nuestra coffee-night, al fin terminé mi programa para subir notas automáticamente y te lo mostré en la noche, de igual manera me contaste que es lo que haces jajaaj pensé que podría hacer algo automatizado, pero al momento en que dijiste, yo tengo que ver si falta acá, e irlo a buscar allá, me di cuenta que no se podría ;("
5/03/2025;Hoy sí fuimos al gym jajajaja el día transcurrió tranquilo, cada quien en sus cositas, hoy jugó el Barcelona, aunque estés ocupada, te mandé muchos mensajes jajajaja pero no me contestaste, hasta después me llamaste, iba a pasar al salir de comprar a dejarte un dálmata, pero me dijiste que mejor no, que te iban a regañar, al final, no pasé, pero más tarde si me quedé jajajaja que carrera, hoy no quisiste ir a la U, por lo que me dio tiempo de llegar a tu casa y quedarme a dormir, aunque siempre tenemos un momento bonito entre los dos, amo que todo se pueda dar contigooooo. 
6/03/2025;El día de hoy iniciamos con un café en el Super7, como ya es costumbre día después de quedarme jajajaja decidimos no ir mañana al gym para descansar la semana completa, quería verte por la noche, pero al final no se pudo, me di un baño y me relajé jajaja aún así te iba a ver, pero me dijiste que descansará. 
7/03/2025;Como acordamos, no fuimos al gym, pero eso no impidió que nos vierámos por la noche, fuimos a los hot-dogs del Super24, debo decir que estaban ricos jajaja aunque tú me echaste salsa en el pants JAAJAJA aunque sean momentos cortos, amo estar a tu lado mi amor bello.
8/03/2025;Como tal hoy ya estabamos en que ibamos a salir, pero al final mencionaste que tu abuela les había dicho que quería que fueran a almorzar, entonces ya no se pudo, por la tarde yo fui a San Lucas con un cuate y pensé que saldría antes para pasar viendóte en el regreso, fue un poco más tarde, pero eso no impidió que nos vierámos aunque sea un ratitoo, espero te hayan gustado las flores 🤭🤭
9/03/2025;Fuaaaaa que día más bonito, iniciando desde la mañana, te fui a traer, aunque saliste un poco tarde jajaja luego en el servicio, fuimos a Guate, compraamoos jaja no tenía pensado comprar nada, pero not problem jajaja me gustó todo el tiempo que estuve contigo, realmente son momentos bien bonitos los que se viven.
10/03/2025;El día de hoy no puedo decir mucho, no nos vimos, estuvimos ocupados y solo en la noche unos reel´s para antes de dormir, pero al menos se que mañana es 11 y hay coffee nighttttt, a todo esto también tenemos un nuevo mes juntoooooos.
11/03/2025;"Cambio la modalidad hoy, dije a inicios que me guardaría todo, pero no puedo, siempre digo algo y termino arruinando todo, hoy escribo desde temprano acá, porque me tocó la frase que me dijiste ""Estaríamos mejor en gimnasios diferentes"", con lo que me gusta la rutina que tenemos actualmente de ir temprano, hacer ejecicio juntos, aunque siempre quiera de tu atención, lo peor considero es que fue justo el día que cumplimos un nuevo mes, más tarde te preguntaré si nos vemos en nuestra coffe-night, veremos tu respuesta, redactó más tarde, pregunté y resulta que no querías verme, platicamos, considero que sigues molesta o rara como tú dices, la verdad no sé que hacer, siento que hago lo posible, pero nunca es suficiente, no sé si soy realmente alguien que cumpla tus estándares, ideales o requisitos, no lo sé, me duele el corazón, hoy no pude dormir, los pensamientos inundan mi cabeza. "
12/03/2025;"Que día más feo, a pesar de ir temprano al gym, que considero fue medio obligado, en el día no hablamos nada, en este día no me dijiste ni una sola vez ""te amo"" o ""amor"" enserio esta doloroso esto, pero acá estamos, quiero darte tu espacio, para que me hables cuando estés más tranquila, te sigo amando, cuando leas esto, quiero que lo sepas. "
13/03/2025;"No me siento bien, mi corazón no se siente bien, aún menos después de escucharte decir: ""Acostumbrate"", como me voy a acostumbrar a no ser tratado bonito, considerando que es algo tan bonito que me hace sentir especial, pero bueno, tomaremos literal las letras de la canción <i>Me haré pasar por un hombre normal Que no se siente mal Y voy a sonreír para que pase desapercibida mi tristeza.</i><br>Espero que esto cambie, porque mi corazón si se siente mal. Te sigo amando, pero también me gustaría que no hubieran estos tiempos, aunque también los veo necesarios para saber como reaccionamos y avanzamos. "
14/03/2025;"Hoy tuve excursión y por lo mismo hablamos poco, siento que te estás forzando algunas veces en tratarme bonito, me duele aún pensar en la palabra ""acostumbrate"" y es que no me tengo que acostumbrar porque debería de ser tratado bonito, así como también te trato y te escribo, pero bueno, aguantamos y trataré de no decir nada, aunque se siente feíto que todo sea muy seco aún cuando te digo alguna cosa bonita, solamente algún sticker o unos emojis."
15/03/2025;"Estoy en una mezcla de emociones, la verdad no sé que hacer, por más que te digo, siento que cambia poquito o solo por ratos, hoy por la tarde antes de ir a tu cita fui a verte rápido, me sentía mal, pero el ratito contigo me hizo bien, besitos y todo, pero siento que luego todo a lo mismo, no me gusta como estoy siendo tratado por mensaje y ahorita que estamos en llamada, nada de cariñito, no me hablas mal, lo sé, pero no eres iguaaal 😔 mi corazón late, pero de tristeza, porque siempre recuerdo y recuerdo la frase de <b>""Acostumbrate""</b><br>Esa frase está rondando todo el día en mi cabeza, me tortura.<br>Seguimos en la llamada, terminó de madrugada, aunque debo decir que estaba todo bien y luego tu <b>""Ok""</b> después de mi mensaje si que dolió, pero en fin, creo que logramos hablar un poco más, veremos como se desarrolla nuestra historia.<br>Ya se había terminado la llamada, regresamos y te ""equivocaste"" con un reel, que sí era para mí <b>Te amo, pero odio lo insegura que me haces sentir</b>, otra frase para mi memoria, no sé que hacer para evitar que te sientas así y eso me torturaa😔😔"
16/03/2025;Nuestro domingo de novios, después de una noche complicada sin poder dormir y que el tiempo transcurra lento, tuvimos un muy buen domingo, hubieron muchooooos besitooos, abrazos y cariñitos, considero que estuvo muy bonito todo, es lo que muchas veces me hace pensar en la frase <i>¿Nos hacemos daños estando juntos?</i>, yo considero que somos una pareja muy bonita como lo platicabamos después del servicio. GANOOOOOOOOOOOO el Barcelonaaaaaaaaaaaaa
17/03/2025;"Día sin vernos mi vida ;( en la mañana ibamos a ir al gym, peroooo estaba brisando jajaja así que no, que rico dormir un ratito más jajaja por la tarde una llamadita donde dijiste ""me cuesta amarte"" y yo por molestar seguí la corriente, porque no te escuchaba bien jajaja así que te corté, por la noche me llamaste para platicar sobre eso, pensando que me había quedado con ese sentimiento jajaja pero en esta ocasión no fue así, gracias por también estar haciendo el esfuerzo de entenderme y tratar de buscar soluciones en ciertos momentos, como me dijiste durante la llamada ""Entiende amor, estoy tratando"" aprecio mucho eso y creo que podemos seguir juntos si ambos ponemos de nuestra parte para conversar y platicar de todo. TE AMOOOOOOOOO"
18/03/2025;"Hoy no hubo gym, me toco ir a Guate y realmente que desesperante fue el regreso 😵‍💫 bloqueos por todos ladoooos, pensé que no te vería porque te quedaste dormida en la mañana, pero por la noche fui a verte y estuve  punto de quedarme jajaa pero llegaron visitas a mi casa y mi mamá me dijo que me regresara mejor, así que toco ;("
19/03/2025;Día de pijamada jajajaja no iba preparado para quedarme jajaja aunque si con intenciones, ya que por eso moví mi moto más lejos, pero que bonito es compartir momentos tan únicos contigo, sabiendo que podemos ser ambos y dejarnos llevar, espero que todo pueda seguir siendo así de feliz contigo, pedí permiso para ir el sábado al babyshower, esperemos que digan que sí, aún sigo con la esperanza de que se pueda dar. 
20/03/2025;Hoy no tengo mucho que destacar, no fuimos al gym como todo día después de que me quedo contigo jajajaja fuimos por un cafecito, aunque esta vez, fue un café frío, por la noche te acompañé a comprar concentrado y terminé regresando justo para exponer, me viste en mi exposición y algo bieeeeeen bonitoooo, es que nos quedamos dormidos en videollamada 🥹🥹 como me gustó hacer eso mi cielo.
21/03/2025;Día de florecitaaas amarillas 🤭 espero te haya gustado mucho el detalle mi niña hermosa, siempre quiero estar para ti en esos momentos, luego fuimos a buscar regalito para el baby shower de mañana, considero un momento bonito porque siempre pensamos a futuro y me está gustando todo eso mi amor, ya pediste la mecedora jajajaja 
22/03/2025;"Y siempre si fuimos al baby shower jajaja que bonito fue poder ir acompañado de ti mi novia hermosaaaa, iba algo nervioso porque era primera vez que iba a manejar carro contigo como mi copiloto, el viaje estuvo alegre porque tuvimos tiempo de platicar, me diste comidita, ahhhhh como me gustó esoooo bebé, amo mucho tu compañiaa, en la noche casiii nos quedabamos juntoos jaja pero no se pudo ;( "
23/03/2025;"Hoy fue un verdadero ""Domingo de Novios"" desde el desayuno hasta la cena, pasamos mucho tiempo juntos y amé todo eso, cada comida, cada caminata, cada risa, cada historia, todooooooo, estar contigo me hace muy feliz y me gusta que sea lo mismo de ti para mi, aunque tus hombros se quemaron mucho;( creo que si es momento de ir buscando algún carrito, para ir más tranquilos amor, y para cerrar el día fue nuestra primera vez, no sé como sucedió, pero contigo todo fluye, amo eso contigo, al menos yo sentí algo especial, tristemente recibiste un regaño por salir conmigo ;( perdooooon "
24/03/2025;Como buen lunes no fuimos al gym jajajaja pero eso no impidió que nos vieramos por la tarde, aunque hubo un tiempo de disgusto, se pudo controlar rápido y luego fuimos a comer tortas jajajaa amo estar contigo, compartir mi tiempo contigo y que podamos crecer juntos, la plática sobre lo que pasó ayer también estuvo presente y sigo pensando que fue un gran momento contigo.
25/03/2025;Hoy fue día dudoso en la tarde jajajaja si me quedaba o no contigo, estuve entre no, por tu condición, pero al final sí jajajaja que bonito se siente hacer eso contigo, dormir contigo es lo mejor. 
26/03/2025;"Casi nos cachaaaaan jajajajaj en la mañanita tu mamá salió al baño y casi nos atrapan en la movida jajaja afortunadamente yo te dije que un rapidín JAJAJ eso ayudó, en mi opinión, por la tarde me enfermé ;( "
27/03/2025;"Sin gym por enfermedad ;( pero que bonito recibir una visita por la tarde-noche 🤭 enserio que estar acostadito en tu pechito y que me hagas piojito es de lo más bonitooooooo, amo mucho tu compañía."
28/03/2025;Seguimos sin gym por enfermedad, pero ya estamos mejor, por la noche tuvimos una noche de chocolatito, platicamos, hubieron abracitos y besitos, en resumen un muy buen día, inició la planeación de nuestra última quedada para el día martes, esperemos que se dé todooo, pero todooo jajajaja 
29/03/2025;"Mañana de trabajo, pero tarde de novioooooos 😍 iniciamos medio mal se podría decir con la frase de ""no tenía ganas de nada"", eso me desanimo porque pensé que estabas sin ánimos, por eso te notaba rara en toda la salida, diría que el estar en el cine, solamente existiendo los dos con cariñitos, nos ayudó bastante, porque sentí que salimos diferentes jaja al menos yo eso creo, más tarde un ratito de plática, molestando un poquito con tu mamá y hablando de dinosaurios con Oliver jajaja"
30/03/2025;"Empezamos el día fuerteee jajajaja yo bien molesto porque no me guardaste mi lugar junto a ti en la iglesia, sino que había otra personaaaa a la par, si quería hablarte, pero no me salía hablarte jaja fue como raro, ya al terminar clases platicamos un poco sobre esto y me gusta que platicando nos podamos entender bastante bien, eso me ayuda mucho, en la noche no hubo visita nocturna ;( "
31/03/2025;"Por más extraño que parezca hoy si fuimos al gym jajajaja en luneeees :o hicimos pechitos ambos, aunque tu ibas con muuuchoooo sueñooo jajajaja estuvo bonito todo el tiempo, no nos vimos más durante el día, pero si hubo llamadita nocturnaaaaa, aunque debo decir que me puse medio celoso jajajajaja porque si escuchaba como te caían muchos mensajes a altas de la noche ;( luego me quedé dormido."
1/04/2025;"Iniciamos el mes con nuestra última quedada ;( que triste pensar en eso, me gustaba bastante, pero si será más complicado quedarnos a dormir ahora que tu papá va a regresar, igual me quedó con los recuerdos bonitos de todo esto."
2/04/2025;Comenzamos el día con nuestro típico cafecito después de quedada, el día transcurrió con normalidad, por la tarde me acompañaste a hacer unas gestiones en Tigo y surgió la idea de quedarme nuevamente jaja así que siempre sí hay nueva quedada, todo estuvo bien bonito hasta que tuvimos un momento de shock, como ¿Qué pasó? :o <br>Creo que hoy si fue nuestra primera vez por lo que pasó, aunque si te soy sincero si me asusté también con eso. 
3/04/2025;"Nuestro día inicia con una cafecito de después de quedada, aunque debo decir que estuviste bien rara durante la mañana, el día no hablamos mucho por como está el internet en tu trabajo, para terminar, llegué a verte después del trabajo y en efecto, sabía que no estabas bien, platicamos y surgió nuevamente el quedarmeeee ;o ya son tres días seguidos, me estoy acostumbrandoooooooo, amoo pasar el tiempo a tu lado y más si es dormir abrazaditooooos, debo decir que tuvimos un momento de plática profundo, enserio que plática tan bonita, me gustó mucho el tiempo y el como nos vemos a futuro, considerando todos los aspectos, amo eso, amo que sea contigo y amo que seas mi <b>COMPAÑERA<b>"
4/04/2025;Como buen día después de quedada jaajaj hoy hubo cafecito, solo que esta vez tocó Burguer King, estuvo rico el pay de queso jajaja luego intentamos conseguir la contraseña del wifi de la empresa jajaja pero no se pudo, aunque ya tengo idea de como conseguir la del gym, lo que si quiero es comprar esa antena wifi para hacer el proceso. 
5/04/2025;"Hoy no nos vimos ;( eso es tristeeeeeeee, pero mañana te toca pasar a la igle, yo sé que lo harás bastante bieeeen, espero que te haya gustado la web y que eso te pueda animar un poco, te amo muchooo. "
6/04/2025;"Pasaste y lo hiciste bastante bieeen mi amorcitooo, yo sabía que podrías, pasé la tarde contigooo, hicimos minerales preparadas, que la verdad no nos salieron taan bien JAJAJAJAJ luego te quedaste dormida un ratito en mi pechito, no me quería ir de ahí ;( pero en fin, luego llovió y como no me respondías para despedirme me fui ;( aunque luego me dijiste que si jajajajja "
7/04/2025;"Iniciamos con día de pechito, dandole con todooo al gym, comienzo mi semana de parciales, terminé rápido lo que hizo que fuera a la reunión general, estuvo muy bien, ya no me dejas aplastar tus lonjitas ;( error mío que me afecte algo así jajaja "
8/04/2025;"Hoy tocó ir a Guate ;( estaba molesto porque realmente fui por gusto, no hice nada diferente a mi rutina diaria en casa, pero en cosas buenas, al salir pasé comprando mi cosito de red, para obtener contraseñas, me tocó esperaaaar, lo peor de todo es que nos ibamos a ver unos minutos antes de mi parcial y por esa espera ya no se pudo ;( hoy toca averiguar como funciona esta cosa. "
9/04/2025;"Vamos con todo al gym, duelen los brazos por intentar un nuevo ejercicio de tricep, que la verdad fue muuuy efectivo, hoy se supone que irías a la granja por mi quesito, pero ya no fuiste, irás hasta mañana ;( lo bueno es que me lo podrás llevar para la quedada 🤭 por la tarde yo solo tuve parciales y tú sigues con el inconveniente de que no te llegan mis notificaciones ;( y en actualizaciones, no funcionó el cosito que compré, solo fue por gusto ;( "
10/04/2025;"Hoy si vas a la granja mi amoooor, espero me traigas mi quesito ajajajajajjaja día aburrido sin ti ;( me faltaaan tus mensajeeeeeeeeeeeeeees, que nervioooos pasé para poder entrar amor jajaja hoy si me vieron y tuve que fingir esperarte en la puerta y luego ir por unas coquitas para subir corriendoooooo, aunque la puerta se cerró demasiado fuerteeee jajajajaja en fiiin, estamos listos para la quedada jajajaaj"
11/04/2025;"Como buen día después de quedada, hoy fuimos a Burguer King, también iniciamos nuestro nuevo mes juntos, amo que pase el tiempo y sigamos juntos, conociendo más el uno del otro, todo tranqui en el día, por la tarde te llevé unas florecitas y donas, luego saliste con tu amigo y regresaste realmente tarde, la verdad si me molesté bastante por eso, aunque me molestó un poco más cuando dijiste: ""Ni mi mamá me dijo algo y tú sí"", pero se siente feo que estés con otro muy tarde afuera y lejos y conmigo tenga que ser corrido todo, sé que no depende de tí, pero que se yo, podrías haberle dicho, regresemos temprano y ya si te preguntaban en tu casa el porque, solo decir que pensaste que era el mismo horario que conmigo o algo así, pero en fin, si me dormí mal, aunque no tanto, porque lo platicaste conmigo después. "
12/04/2025;La mañana diría que no estuvo taan normal, la verdad yo sentía que no me estabas tratando bonito y tú dices que sí, pero no mencionabas ningún apodo bonito, me molesté, te llamé para tratar de hablarlo, pero nadaaa, solo quiero dejar acá que fue la primera vez que me <b>gritaste</b>, pero buenooo, luego fui por tortillas, te vi unos minutos, que considero fueron suficientes para estar mejor, por la tarde fui por camisolaaaaaas, ahora ya tendrás una para próximos partidooos que veamos juntos, luego estuvimos un tiempo juntos por la noche, pasamos y hablamos de sentimientos sobre lo que había sucedido el día de ayer, me fui algo tarde.
13/04/2025;Nuevaaamente pasó lo de mi lugar en la igle, considero que es la última vez que me molestó o le prestó atención a eso, ya lo dejaré en ti, porque no se siente shido, por la tarde unos besitos y un express jajajaja no tuvimos tarde de novios, solo un ratito de noche, pero nos vimos nuevamente 🤭
14/04/2025;"Iniciamos el día en el gym, hubieron molestias y al final enojados jaja aunque digas que no, sabes que sí estabas enojada, pero eso no impidió que tuvieramos nuestra quedada, yo considero que esta vez si fue la última ;( aunque estuvo todo muuy bonito, recostarme en tu pechito se siente muuy bonito y también que tú lo estés en el mío. "
15/04/2025;Como buen día después de quedada, iniciamos con una alarma física JAJJAJAJ y luego por un cafecito, hoy tuvimos sueños de que nos cachaban en la movida jajaja igual me contaste que el viernes posiblemente vayas a la playa con tu amigo, estoy pensando en que si al final no se da, te lo propondré para el sábado, que es el día que estaremos juntos, obvio no te diré nada, si me dicen sí, pues buenísimo y si me dicen no, pero ni modooooo, también fuiste por pestañaaas, terminamos molestos en llamada.
16/04/2025;Por desvelarnos no estaba planeado ir al gym, pero al final si fuimos, aunque tú tenía en mente ir solita, al final si te acompañé, estuve pensando mucho en como acercame y hablar de lo de anoche, al final se pudo y el útlimo ejercicio ya estabamos mucho mejor, lo bonito de todo es poder saber que hablando se solucionan las cosas, en la noche para ir a la iglesia tratamos de combinar, aunque no se pudo al 100% jajajaaja 
17/04/2025;Nuevamente un día juntitos, la mañana estuvimos fresh, ya al medio día estuve un ratito contigo en la tienda, me tocó esconderme un ratito en el baño jajajaja ay no, que cosas estas JAJAJAJ luego a comer mojarrita con tu familia, después hicimos torrejas jajaja quitando el centro a los panes y por último terminamos horneando un pastel con esos centros de pan, no lo pudimos probar, pero veremos y tal vez el sábado lo probamos jajajaja
18/04/2025;"Hoy no tuvimos día juntos, cada quien estuvo por su lado en su viaje, tristemente no los pude acompañar porque ya había quedado de mi lado ;( pero como me hubiera gustado ir contigo, te extrañé un montooooon, terminamos solo hablando por llamadita en la noche."
19/04/2025;Que día taaan bonito, estar casi todo el día contigo es bien bonitoo, amo estar a tu lado, iniciamos nuestro día juntos haciendo un fresco de carambola jaja y luego yo estaba asando la carne, luego de eso solo nos pusimos a ver una serie y terminé arreglando el chorrito del lavamanos jajaja de último vimos Moana 2, perdoooon por ser bien calentón jajaja no sé, me gusta ser libre contigooooo
20/04/2025;"Día dominguito muy tranquilo, fui por tu en la mañana para iniciar nuestro día juntos, fuimos a la igle y luego con los niños, te fui a dejar y estuvimos un buen rato ahí, al final casi nos ""suenan"" a los dos ajajjajaja no hubo tarde de novios ;( pero si de regañada por no comernos el pastel que hicimos, tristementeeeeeeee tampoco pasamos un ratito por la noche, empezó a llover. "
21/04/2025;Comenzamos nuestra mañana con entreno de pechito, y también hicimos un poco de brazo, luego tuvimos un día muy tranquilito, como siempre ambos trabajando, platicando y demás detalles, por la noche, ya inicias nuevamente la U, aunque solo fuiste a la primer clase, que la segunda no era clase JJAAJ
22/04/2025;En nuestro training del día, fue piernita, que por algún motivo nuevamenteeee nos molestamoooos, en la subidita apliqué la de un abrazo largo de más de 20 segundos y empezó a funcionar, terminamos la noche con una quedada, hoy estuvo desde más temprano porque llegué al momento que tú regresaste del trabajo, estuvo muy bonito y wow que cosas las de hoy, nuevamente pasó lo de sangre, estuvimos más tranquilos esta vez, aunque eso nos llevó a bañarnos juntos, que fue bieeeen bonitooooo, después bañaditos, comiditos y a dormir
23/04/2025;Empezamos nuestro día con cafecito en Burguer, ya hemos cambiado el lugar jajajaja platicamos y comimos, luego el día fue normal de trabajo y más trabajo, no nos pudimos ver por la tarde noche 🫠🫠
24/04/2025;Hoy entrenamos hombro y tricep, tremendoooo entreno nos lanzamos jajaja que incluso terminando el training ya había dolor jajaja hay que seguir con esta intensidad, más tarde había intenciones de quedada, pero justo salieron muchas personas y vieron jajaj entonces simulamos que me fui y luego fuimos a ver rápidamente un regalito para el cumpleaños del sábado, pero no había nada, luego subimos y entramos, para la quedada del día, vimos la peli de Maze Runner y también comimos hamburguesitaaaas. 
25/04/2025;"Nuestra mañana inicia con un despertar interesante jajajaja pasaron cositas y si es cierto que no se te olvidaría lo que hice hoy, cuando leas esto deberías de recordarte jajajaja así que veremos, luego fuimos al cafecito y planteamos todo el plan para la escapada del día de mañana, por la nochecita ya no nos vimooooos ;("
26/04/2025;"Comienzaaa la jugadaaa jajaja llego por ti, vas al ""trabajo"", pero que en realidad viniste a mi casa a cambiarte y arreglarte, iniciamos el viaje y pasamos comprando el regalito, estuvo bastante bonito el camino, aunque mencionaste que venías nerviosa jajaja pero ni modo, ya habíamos empezado con eso, posteriormente en la fiesta fuiste fotográfa jajaja y estuvimos (estuve) comiendo bastante, después vimos al Barcelona ganaaaaaar, no lo pude gritar tanto jajaja pero se dioooo jajajajaja al llegar me despediste bien rápido, me dejó con algunas dudas, pero mañana veremos que sucede, luego me fui a jugar fútbol y todo bien. "
27/04/2025;"Mañanita de dominicaaaal, todo muy bonito, aunque no tuvimos mucho tiempo juntos después del servicio ;( luego bajaste rápido de almorzar y me pareció extraño, realmente sabía que algo había pasado por lo que fui contigo, aunque no querías salir, sabes que conmigo puedes llorar todo lo que quieras amor, luego más tarde yo de tonto y mis inseguridades o dudas me hicieron abrir tu laptop, porque me la había traído y quería saber quien era don llamadas, pero de tonto te mentí, realmente me sentí muy mal con eso y luego tú te enojaste, cosa que es totalmente válida, por supuesto que el motivo mío no quita lo que hice, después lo platicamos y considero que la conversión fue fluyendo bien, dormimos y amanecimos en llamada. "
28/04/2025;Fuimos al gym en la mañana, aún seguías molesta conmigo y enserio que lo entiendo, pero me siento mal al saber que estás así, por supuesto sé que es mi culpa y espero realmente puedas perdonarme, platicamos un poquito sentaditos en las gradas de plaza real y soy fiel creyente que las conversaciones ayudan a entendernos mejor, aún no sé que hacer para que te sientas segura conmigo, estoy seguro que lo que te hace dudar o sentirme insegura conmigo cuando estamos fuera es el hecho de que tú dices que veo a otras, yo siento que no es así, pero no sé en que momento surge, espero seguir trabajando en eso para que tú te sientas mejor, realmente quiero ser un mejor hombre para ti mi amor y cuando leas esto quisiera que me respondieras como te estás sintiendo actualmente conmigo bebé, te amoo.
29/04/2025;"Día de pierna fuertecito, la competencia se pone buena y eso es shido jajajaja a que crezcan esas piernaaaaaaas, se armó la última quedada ;( fue más complicada jajaja porque llegué de incógnitooooo, pero se pudooo, te doblé la ropa pensando que sería un buen detalle y terminó siendo que no ;( pero buenoooo, disfrutamos estar juntos y dormir abrazaditoos, amo cuando nos dejamos llevar 😳 no quiero que sea la última vez, pero espero que para cuando leas esto, no haya vuelto a suceder, no porque no quiera, sino porque se nos puede ir de las manos. "
30/04/2025;Comenzamos el día con un cafecito y plática tranqui, me dijiste que si has querido revisar mis chats y realmente quiero que lo hagas, pienso que eso te hará sentir más tranquila y quisiera que lo hicieras, por la tarde fui a decorar un poco la entrada para el regreso de tu papá, fuiste a tu examen parcial y estuve apoyandote desde atrás dandote las respuestas jajaja ojalá que este bien, ahora terminando vas con tu papá, estoy ansioso por saber que me contarás y también nervioso por conocerlo 😳
1/05/2025;"Hoy fue día de descanso, tú estuviste en full convivencia con tu papá y que shidoo, estaba expectante de saber como sería conocerlo y la verdad que estuvo muy tranqui la convivencia, no fue mucha, pero muuy tranqui, al regresar me molesté con lo de ""No puede limpiar"", luego platicamos un poco sobre ese motivo, me diste tu punto de vista sobre el ""yo siempre puedo"" y la verdad es que agradezco mucho tus comentarios mi amor, me ayudan a tenerlo presente, trabajaré en eso, de igual manera cuando leas esto me gustaría que me comentarás si has notado algún cambio, posterior a eso te explique mis motivos, luego comimos un pastelito y me fui, te llamé, hablamos bien un ratito, pero después te lanzaste el comentario de que fuera solo al gym porque no te sentías ""cómoda"", luego solo dijiste que es broma, terminaste diciendo o recordando lo que me habías dicho ""Ya no te voy a molestar"", eso me molesta porque es como que te prohibiera eso, solo te he dicho, hazlo, pero cuando ya sea un límite, detente, porque creéme que si yo hiciera o molestara así, tú te enojas al momento, entonces hay que ver eso, por último para cerrar mi reporte de hoy, a pesar de que ya te había dicho que no se siente shido que mientras estás en llamada conmigo estés hablando con otro a altas horas de la noche, aún así lo haces, pero ya no diré nada, porque a pesar de que expreso mis sentimientos con ciertas acciones no son tomados en cuenta (al menos no lo he visto hasta el momento con estos dos casos)"
2/05/2025;"Por dormir tarde ayer, ya no fuimos al gym, en la mañana tú estuviste bien cortante conmigo, realmente trato de no ponerle sentimiento a esto, pero no puedoooooooooooooooo, hace unas semanas me preguntaste ""¿Cómo puedo hacerte sentir amado, cómo te gusta que te amen?"", esto fue en un reel y en mi respuesta iba el tratarme bonito, pero aún hay momentos en los que no, luego nos vimos en la noche, enserio que todo iba tan bien, platica, molestada tranqui, hasta que me estuviste rechazando por mucho tiempo un beso y me dijiste ""No te lo voy a aceptar"", incluso me moviste la cara y si sintió bien feo, obveo eso duele, entonces no es como que quedará bien, luego en la noche igual, full cortante, trate de llamarte y me dijiste: ""No puedo, ya tengo sueño"", perooooooo me quedé esperando tu mensaje porque estuviste todavía 10 minutos en línea y yo ahí sintiendóme ignorado, es muy feo sentirse así y te lo explico, pero aún así siento que no lo tomas en cuenta a veces (no digo que siempre), pero bueno, creo que voy a tratar de evitar el pedir que me trates bonito, si tú lo quieres hacer en todo momento esta bien, sino, tocará aceptarlo, veamos cuando leas esto que es lo está sucediendo y si hemos cambiado en algo, te amo y te sigo amando demasiado, recuerda <a href=""https://gamboa01.github.io/TeAmo/"">TE AMO</a>"
3/05/2025;"Por la mañana nuevamente sentí que estabas cortante, me mandaste un audio temprano diciendo que todo bien, pero después te quedaste muy cortante, te mandé un mensaje diciendo que ya no quería iniciar nada como pelea o similar y que sería mi última vez pidiendote que me trates bonito, pero al parecer no lo tomaste bien y pasaste toda la mañana sin responderme, por la tarde pudimos vernos un ratito, pero ya no se pudoooo ;( y terminamos hablando en llamadita por la noche, no pude resolver mi programa y aunque ya iba bien avanzado, termine regresando a dos puntos atrás. "
4/05/2025;Nuestro domingo de noviooos, juntos a la igle (se te olvidó que había limpieza a la clase ajjaa) pero al final si estuvimos juntos durante el inicio, por la tarde unos taquitos y convivencia shida, fuimos a suma, pero no sin antes hacer algo :o jajajaja no sé, yo sentía que ya hacía falta, me da miedo molestar con un bebé y todo, porque quien sabe si al final termina siendo ciertooooo, después tuvimos noche de peli, fuimos por pizza y comenzamos a ver Lilo y Stich jajaja aunque ni terminamos de verla por la hora, estuvimos cercaaaaaaa de una media quedada jaaajaj pero los nervios ganaron, por cierto, el día de hoy estabaaas HERMOSAAAAAAAAAAAAAAAAAAAAAAAAAAAAA con esos vestidooooos.
5/05/2025;Hoy si nos ganó el sueño y ya no fuimos al gym, tuvimos un día muy normal de trabajo y así, solo puedo destacar los nervios por el partido del Barcelona de mañana, nos enviamos un par de tiktoks de eso, pero veamos que pasa mañana. 
6/05/2025;"Día de gym dividido, tú pierna y yo hombro, la verdad hoy estuvimos taaaan bieeeen, sin discusión ni nada, luego fuimos a la tienda por tu almuerzo y perdoooooooon, me ganó la emoción, aunque luego fue susto porque ahora me tocaba a mi estar ensuciandóte JAJAJAJ luego por la tarde fue el partido y pasó lo que no quería, perdió el Barcelona ;( naaaah la verdad si lloré, fue triste, tenía tanta ilusión con eso, por la noche nos vimos porque se supone iría a jugar y al final ya no jajajaja pero si me acompañaste un rato y consolando un poquito, mañana jugaré al parecer, estoy emocionado porque será la primera vez que quizá puedas iiiiir. "
7/05/2025;"Aún se mantiene el sentimiento de derrota de ayer ;( pero bueno, gym con día de hombros, la verdad no me sentía tan animado para eso, día normalito hasta que llegó la noche, nos vimos antes de las 9:00 y si hay partidoooooo, primera vez que estarás presente, graciaaas por la bebida y la notita mi amoooor😘🥹 aunque solo fue un ratito me alegró mucho que fuera, aunque no estuve taaan bieen ;( esperemos haya partido la próxima semana y repitamos, aunque yo en mejor condición. "
8/05/2025;"Hoy tocó entreno de espaldita, aún no sigo tan animado por la derrota ;( pero acá estamooos, fue día tranqui, en la noche me mentiste 3 veces ;( pero bueno, luego fuimos a comprar un top, me gustó poder ser el de las opiniones en esta ocasión 🤭 y espero te haya gustado bebé, luego platicamos sobre la escapada mayor y comenzamos con los planes, te amooooo, espero se pueda dar. "
9/05/2025;"El día inicio de la manera más tranqui, fuimos al gym, hicimos piernita, estuvimos revisando y probando el programa de cierre de GRN´s, aún no funcionaaaaaaaaaaaaa jajajaja pero ahí, esperemos que se logré, por la tarde ya no nos vimos ;( pero luego surgió la idea de vernos aunque sea unos minutos, la verdad yo sentía que tú no querías que fuera contigo a Andaria, que es donde estabas, pero aún así fuiii, a lo lejos te vi con alguien, aunque tú me dijiste que venías sola, ya después me explicaste, pero tú te molestaste por eso que pensé, cuando leas esto, solamente quiero que sepas como me siento yo, cuando tú me dices que no me crees, lo mismo que sentiste tú ahorita, lo siento yo, pero en fin terminamos molestos, se supone quedamos ""bien"", pero después por mensaje y llamada, todo muuuy distinto. "
10/05/2025;Que día más feo, no hablamos casi nada en el día, tú toda cortante y cuando te pido que lo hagas lo tomas que te estuviera obligando, no se siente shido tener que estar pidiendo o rogando por algo, terminó el día tranquilo, hablamos un poco por llamada en la noche, me caigo mal que terminó llorando por cosas así, realmente quiero ser más frío, pero simplemente no puedo.
11/05/2025;Iniciamos el día en la igle, la verdad un poco distantes, pero poco a poco fue cambiando, hoy jugó el Barcelona y ganó, al terminar dominical, como amé que vinieras corriendo a darme un abracito, porque ya no había nadie en la claseeeeeeeeeeee, luego comimos pepián y se supone haríamos un chocolate por la tarde jajaja pero ya no se pudo, lo bueno es que sí se pudo por la noche, quedó muy rico el chocolate, terminamos de ver Stitch1 y comenzamos con Stitch2, pero por la hora ya era momento de irmeeee, aunque yo andaba medio onfire que empecé a provocarte jajajaaj terminamos haciendo eso, pero ese segundo no me dejó retirarmeee a tiempooooooooooooo, tengo nervioooooos, hoy no estoy al 100% seguro de haberlo retirado a tiempooooooo, esperemos que no suceda eso.
12/05/2025;Por puro sueño ya no fuimos al gym hoy, pero todo bien, al medio día me asustaste con que tenías mareos y por nervios compré una pastillita, nos vimos en la tarde en la U, fuimos a comer unas hamburguesitas, hablamos bastante de lo sucedido y como estuvo la vuelta, quedamos en que tendríamos una última veeeez, yo espero que sea el día 30 para disfrutar de todooooooooooo, tomaste la pastilla, esperemos que no tenga ningún efecto secundario mayor, te amo mi vida, espero que lo que hayamos hablado hoy de vivir juntos se nos pueda dar en su momento. 
13/05/2025;"Hoy entreno dividio, tú en pierna y yo en pecho, fue una mañana ocupada, estuve vendiendo la moto de mi hermana, luego estuvimos tranquis durante la mañana, pero llegó la tarde y pum, tenía que arruinarlo enviandóte un vídeo que a mi parecer estaba bonito, porque decía lo que sentía, pero al final tú no me crees, aún me siento mal cuando me dices esto, sigo escribiendo esta frase <i>""Cuando leas esto, me dices como te sientes actualmente conmigo""</i>, pero en fin, te pusiste cortante, como cuando te enojas/molestas, te pedí un favorcito de irme a traer, aunque después nos fuimos de una vez a la U, fuimos a comer, aunque más a jugar jajajajaj partidas de Dominó y de un cosito de empujar discos jaajaja por suerte no nos mojamos, aunque yo casiiiiii, tuve que correr un poco, y luego te quedaste dormida mi amor jaajaja"
14/05/2025;Hoy casiiii no vamos al gym jajaja fuimos unos minutos más tardecito, pero fuimooos, estuvimos haciendo hombro tranqui y surgió el comentario de que el viernes no tenías clase, entonces cambiamos la fecha de la escapada mayor para el día viernes, en mi caso es mejor porque el 30 lo tenía complicado por el permiso en la chamba, por el día todo tranqui, seguimos probando el programa de subir GRN´s, que nunca comprendo que hace mal jajaja luego en la igle tocó participación, entrega de rosas, llevé la camisa que me regalasteeeeee, te amooooooooooooooooooooooooooooo.
15/05/2025;Hoy hicimos ejercicios de espaldaaaa y comenzamos a ver como podíamos comunicarnos mañana, escuchar música y hablar al mismo tiempo durante todo el trayecto, estuve más enfocado en eso jajajaja viendo y descargando apps ajajaj que mejor fuimos a hacer spinning, completamos la rutina y vimos como estaban pesando y midiendo a un vato, por lo que hicimos nuestra cita para el sábado temprano, luego el día transcurrió tranquilamente y comienzaaan los nerviooooos para mañanaaaaaaa, que por cierto, no me dejaste ni una prenda para llevarla en mi mochila jajaja
16/05/2025;Y se llegó el día de la escapada mayoooor, comenzamos con todo el plancitooo, desde el desayunooo, luego un masajitooo y jaccuzi, que la verdad se sintió taaan bieen todo ese tiempo contigoooo, luego a divertirse un rato saltandoo, verte feliz es una de mis mayores alegrías, es lo que quiero siempreeee, poder estar junto a ti y disfrutar de todo, terminé comprando un par de tenis ajjaja la verdad están bien shidoooos, sabes que te amo muchoo, ya no pudimos pasar a comer a San Lucas, pero si terminamos en Dunkin, donde armamos la quedada del día, para completar todo un día juntoooooos, fuaaa el ingreso el día de hoy si estuvo potenteeee, no fue normaaal, pero se logró, vimos una película, aunque no la terminamos de veeer JAJAJAJ 
17/05/2025;"La madrugada estuvo agitadaaaa, que susstoooo el que nos llevamoooooos con ese toque de puertaa, aaahhhhhh, con hora y media de sueño en el cuerpo fuimos al pesaje del gym, donde la verdad esperaba más jajaja aunque solo iba por saber mis medidas, en la mañana los dos con bastanteeee sueñoooo y terminamos el día en la igle, cuidando niños, fuimos por pizza y ya no hubo cenaaaa ;( si quería comidaaaaaa jajajaja estabamos medio molestos, pero aún así ibamos ""bien"", llegué a mi casa directo a dormir y luego me llamaste pensando que me había quedado molesto jaja te amoooo preciosaaaa, gracias por preocuparte en ese momento, ya más calmados lo hablamos, aunque más dormidos que despiertos jajaja"
18/05/2025;"Hoy no hubo día de novios ;( pero si nochecita de novios ajajaj no fuiste a la igle tempranoo mi amoor, muy maaal, luego estuviste un poco cortante conmigo, al menos yo así lo siento, es feo no sé, querer que siempre me hables bonito y cuando no lo haces, sentir que estás molesta o enojada, pero bueno, eso ocasionó que me dijeras un par de cositas, me fui a la igle porque ya era hora, quedamos en que me dirías si puedo llegar después y al final siempre sí se pudo, todo muy bien, platicamos un poco al inicio y terminamos muy bien, luego tomamos cafecito con pan y completamos el día con una posibleeee quedadaaaaaa ajajjaja aunque te dio nervios al final, te amo mucho preciosaaaa, perdoname por ser tan sensible, enserio no sé que me pasa si yo no soy así jajaja pero contigo la sensibilidad está al 100%"
19/05/2025;Hoy como buen lunes no fuimos al gym jajajaja debo decir que todo el día estuvo muuy bonito, platica, enviaditas de reels, publicaciones y  quedó el jueguitooo jajaa por si acaso no lo logras el premio por llegar a los 10K era un par de tenis jajaja veremos si lo logras, luego creo que empiezan a ganarte los nervios del posible embarazo, pasaron cositas no muy agradables en el trato hacia mí, pero buenoooo, mañana haremos la prueba. 
20/05/2025;Hoy se supone día de gym, pero es día de pista, no muy querías, pero es necesario considero yo, fuimos a Burguer, yo la hice y salió NEGATIVOOOO, estamos bien por ahora, estoy escribiendo temprano, no sé si vuelva a escribir en la noche, pero creo que hoy fue mi última vez que lloró contigo, la verdad creo que ya ha sido mucho y te estás cansando de eso, voy a reservarlo, quizá en algún momento vuelva a suceder, pero no quiero que te sientas mal por eso, no me gusta guardarme cosas, pero si esto te hace sentir mejor, creo que lo haré, o quién sabe, la verdad hace tiempo atrás también dije que me iba a guardar las cosas y pues, nunca sucede jajaja pero sí me duele a veces.
21/05/2025;Hoy fuimos al gym, solamente abdomen y spinning, estuvo interesante la vuelta, dándole a la bicicleta con todo jajajaja por la mañana y tarde todo tranqui, como cualquier día laboral, hoy te llevó a tu presentación/exposición, hubieron rositas, la verdad están bien bonitas y me alegra que te hayan gustado muchooooooo, te amoo hermosaaaaa, los nervios de la quedada de hoy fueron a otro niveeeeel, estuvimos viendo las posibilidades de entrar cuando no hubiera nadie, pero ya no pude, terminé entrando a las 10 de la nocheeeee, que nervioooooooos, pero se logró y disfrutamos nuestro tiempo juntoooooooos. 
22/05/2025;Comenzamos con cafecitooo de Burger jajajaja estuvimos muy tranquis disfrutando de la plática y de lo que haríamos hoy, quedamos en que vendrías a la casa y veríamos las pelis que tenemos pendientes en mi cuevita, el día transcurre tranqui sin novedad y llega la tarde donde vendremos a casa, al final no sale el plan como quería, aunque limpié bastante y tenía preparadas unas mascarillas para ponernos mientras la veíamos, los comentarios de acá de que si no me daba vergüenza la situación en que está mi cuevita me afectaron un poco, pero siempre te lo comparto, gracias por tus palabras y por quererme tal y como soy, junto con mis limitaciones, aunque tu comentario al final me dejó muy pensativo y triste, pensar que no solo te sientes incómoda conmigo, sino que también incómoda con mi familia y el estar acá, preguntaa para cuando leas esto, ¿Sigue siendo así? 
23/05/2025;"Hoy me tocó ir a Guate a saltar jajajaaj tenemos que ir a ese Sky Zone en Cayalá, tiene canchita de fútbol y está shida ajajjaa que mojadaaaaa me dí al regresar, hasta pensé que me resbalaría, ibamos hablando y todo fresh, se supone nos veríamos un rato, pero al final ya no se pudo ;( "
24/05/2025;Nuestro sábado de chamba empezó tranqui, por la noche fuimos a ver la pelí de Stich, pero antes de todo eso llegué a la tienda para ayudar con una lavadora, termiamos viendo TV con tu abuela, ya no terminamos de ver Kung Fu Panda, pero luego en tu casa abracitos bonitos y tú estando cómoda, luego fuimos a ver la peli y regresamos a comer tamales y paches, que estaban algo salados los que nos tocaron jajaj pero comida es comidaaaaa JAJAJJA te amo hermosa, amo estar contigooooooooooo
25/05/2025;"Dominguito de dominical y luego viene la noticia de que ya BAJOOOOOOO ajjajaja así que como el tiktok que te mostré <b>Que bien, que bien, ya todo está bien </b>, que cosas las de ahora jajajaja en la tarde me tocó llevar a mi madre a hacer un mandado (ver a mi hermana) y ya no me pude quedar contigo para la tarde de novios ;( pero por la noche aún nos vimos y eso es bonitooo, amo estar contigo y pasar tiempo a tu ladoooooo, te AMOOOOOOOOOOOOOOOOOOOOOOOOOOOOOOO"
26/05/2025;Lunes de NO gym jajaja estuvimos un poco desvelados porque no podías dormir, durante el día no tuviste mucho trabajo hoy, por lo que hubieron muchoooos reels en mi chat🤭 amo que me mandés muchoooooos, comienzan tus parciales y toco ayuda jajaja considero que fue rápido, así que todo bieeeen. 
27/05/2025;"Hoy si entrenamos duroo, yo pechito y tú pierna, actualización, aún no hay besitoooooos ;( aún no se quita ese cosooo, aunque ya se ve bien secoooooo, quiero besitos, quiero besitooooos, hoy tienes tu parcial más complicado y solo espero que te salga bien, te amo preciosa."
28/05/2025;Entrenamos piernitaaaaa, estuvo shido, es tu último día de parciales y mi chamba comienzaaa jajaja ayudarte a darte las respuestas JAJAJJA aunque al parecer hoy estuvo complicado porque se pusieron enfrente tuyo, lograste responder las primeras series, pero la última ya ni que decir jajajaja veremos como te va. 
29/05/2025;Buen entreno el del día de hoy, incluso inició la planeación para quedarnos a mimir hoy juntitos, no tienes clases entonces facilitaría un poco, aunque tú papá siempre está ahí, entonces se complica la vueltaaaa 🫠 salimos, comimos un poco y luego regresamoos, tarde 9:40 y aún estaban por ahí, resulta que tuve que ir a caminar un ratito jajaja para luego entrar corriendo a las 10:00, que bonitoooooo es quedarme contigoooooooooooooo, amarte y sentirme amado por tiiiiiiiiii, que se repitaaaaaaaaaaaaaaaaaaaaaaaaaaaaa 🤭🤭
30/05/2025;Tengo invitación a ir a la playa contigoooo, aunque también veremos si se logra dar jajaja esperemooos que sí jajajajaja fuimos a un buffet de tacos y nos mojamos bastanteeeee jajajajajaja comí bastanteee, aunque siento que no di todo jajaja quería quedarme contigo nuevamenteeeeeeeeeeeeeeeeeeeee, me quedé con tus llaves y tocó subir corriendo jajaja parecía tambito corriendo JAJAJAJAJA 
31/05/2025;"Hoy hay final de Champions y no está el Barcitaaaaaaa ;( que triste noticia la que me dieron, fui contigo un ratito, pasar mi día a tu lado y luego me fui a acompañar a mi bro un rato al velorio, pero quedamos en que al regresar me quedaría contigoooo, me abriste la puerta a media nocheee jajaja y disfrutamos de dormir juntoooooos 🥹😍 te amo tantoooooooooooooo"
1/06/2025;Domingo de dominical, con sueñoooooo, nuestra conversiones solamente fueron en la mañana de que si había regresado bien y luego todo el día juntoooooooooooooooooooooooooooos, amo pasar mi tiempo a tu lado, te ayudé con tu coso de Excel, buscando buenas formas de hacerlo ajaja y por último regresé contigo, siento que estar todo el día a tu lado me hace bieeen. 
2/06/2025;Hoy tocó día presencial en Guateeee, que perezaaaaaaaaaaaaaa jajajaja no tenía ánimos de venir, pero me tocó grabación y espero que haya salido muy bien, más tardecito tú fuiste a la reunión general, yo no pude, estoy en mis últimas clases, resulta que no estás bien, tu papá se fue a otro cuarto y estuviste llorando conmigo, quiero ser siempre ese apoyo para ti, verificamos que si estuviera y que no se hubiera ido, pero todo bien. 
3/06/2025;Hoy por dormirnos tarde, ya no fuimos al gym, lo importante es descansar y que tú hayas dormido bien, se te antojó un tamalito de elote y a mi un atol de elote jajajajaja dijiste que llevarías y que llegara contigo, aunque al final no estaban shidos los tamalitos, yo pensé que me llevarías mi atol jajajaja al menos eso entendí, pero quedamos en que iremos a tomar atol un día jaajaja nuevo día contigoooo, que bonitoooooooo
4/06/2025;El día de hoy decidimos tener nuestra semana de descanso del gym, me quedé dormido, ibamos a ir, pero me dolía un poco la cabeza y los ojos, estoy empezando a sentirme mal, no tenía contemplado ir a visitarte el día de hoy, pero me invitaron a comer tacooooos y ni como rechazar una invitación jajajja pasamos tiempo juntos y comimos taquitooos, los días que no vamos al gym comemos más JAJAJ
5/06/2025;Aún no hay gyyymmm, hoy me sentía bastante estresado, me duele mucho la espalda, hombros y cuello, mi cuerpo está resintiendo mucho todo esto de que me digas que quieres terminar, quise ir al sauna por el calor, pero no se puede, más tarde fuimos por pestañas jaja hoy fuimos todos, tan HERMOSAAAA que te ves con tus pestañas, regresamos y pasamos por hamburguesitas y por fin pagué mi deuda con tu mamá JAJAJAJ 
6/06/2025;Seguimos en semana de descanso de gym y durante el día no hubo mayor detalle que considerar, por la tarde/noche me tienes visitandote nuevamenteeeee, se supone que iríamos al cumpleaños de Mily jajaja pero al final terminamos yendo por pizza, han sido días de comer bastanteeeee, estuvimos todo el tiempo en la tienda, platicando y molestando un poco, me siento bien estando contigo. 
7/06/2025;Hoy fue medio día de chamba, teníamos previsto el almuerzo con mi familia y nos combinamos para ir shidooooos, todo bien, alegreeee, nos ganó el deseo por un momentitoooo, pero luego ordenamos rápidamente todo acá en la casa, después del pastelito y que hayas vistos mis fotos de bebé jajajaja fuimos a tu casa, donde completamos el día, me hiciste colochos JAJAJAJ y luego al baño a quitarlos con agua, donde nuevamente nos ganó un poco el deseo, me gusta tocarte jajaj solamente no quiero hacerte sentir incómoda mientras hago eso, bajamos y todavía pasé un ratito en tu casa, donde tú mamá se empezó a desahogar un poco, luego mi hermana me llamó para ir a traer a mis sobrinos y no pudimos concluir la plática, pero si regresé a dejarte tus llaves jajaaj 
8/06/2025;Dominguito full de novios, aunque a medio día estabas rara conmigo, que no querías que estuviera contigo, al final pasé mi día a tu lado, incluso fuimos a hacer el súper jajajaja que bonita sensación el sentir que ya estoy siendo parte de todo, amo estar contigo, al regresar vimos una película y por la hora, ya no pudimos completar la segunda.
9/06/2025;"Es lunes así que no fuimos al gym, el día de hoy tuviste más tiempo libre y que bonito recibir tantos reel´s, vídeos y más mensajitos bonitoos, habíamos acordado en ir a la reunión de dominical más tarde, pero al final por la lluvia y que llegaste un poco tarde ya no se pudo, mis tontos pensamientos nuevamente inician una discusión y se llega al punto de ""terminar"", realmente me duele sentir eso, pero ya no sé que hacer, llegamos a un acuerdo, pero <b>¿Realmente podremos seguir juntos?</b>, mencionaste algo muy interesante <i>""No estamos hechos para ser pareja""</i>, eso dolió, pero me lo guardó, quiero comprender tus sentimientos y saber que sientes, pero también necesito tu comunicación, esperemos este diario pueda completar el año y no te quedes o leas solo una parte de él."
10/06/2025;"La madrugada estuvo potente, nuevamente seguimos peleando y ya no sé que hacer, hoy lo sentí fuerte que ya ni podía hablar, solo estaba escribiendo, luego en la mañana con la parte del trabajo solamente me dijiste que no estabas de ánimo para hablar y esta bien, toma tu tiempo, quiero resolver estooo, se supone que todo bien, ya tenía unas rositas listas para ti, te las fui a dejar en la puerta porque no querías verme, después soy obstinado así que regresé y empezamos a hablar y resolver, te iba a subir a la tienda, pero empezó a llover y pueees ni modoooooooo, me quedé jajajaja dormir juntitos estuvo bonito, aunque ya habíamos dicho que no volvería a pasar ;( "
11/06/2025;Pues ya de madrugada regresé a mi casa y todo fresh, no fuimos por cafecito y pie, porque estaba lloviznando entonces solo me vine a casa, todo el día estuvo tranqui, las cosas mejorando, ya en la noche pasé por ti y fuimos a la tienda, nuevamente una mini discusión, digo mini, porque no pasó  a mayores, realmente no sé si soy yo el del problema por querer cosaas, pero ahí vamos mejorando .
12/06/2025;Hoy te mediste el azúcar jajaja estás bastante bien, tienes 98 y debe estar en rango de 75-140, así que todo bien, tengo exposición fui a comprar ChaoMein, porque el martes habías mencionado que tenías ganas, así que expuse en tu cuarto, que arriesgado estar exponiendo a escondidas jaajjajaa luego comimos y todo fresh, a mimir juntitooos
13/06/2025;"Día fresh, seguimos sin ir al gym, el día normal, de trabajo y todo eso, actualmente está lloviendo mucho, por lo que no nos podremos ver :( aunque al final si se pudo jajaja me pareció gracioso porque tú mamá me dijo que tú me debías invitar y que por ella no había problema, luego tú me dices que depende de tu mamá y que por ti está bien JAJAJAJA bien graciosa la situación, luego fuimos a ver una lavadora y no pude mover el carro ;( se trabó el freno de mano o simplemente no le encontré el modo jajaja"
14/06/2025;Hoy me empezaste a ayudar con la maqueta de mi proyecto, graciaaas por esa ayuda, te noté extraña, quisé preguntarte y platicar, pero me alejaste, no me sentía tan cómodo porque hay veces que no te entiendo mi amor, pero con el tiempo se empezó a solucionar, fuimos a tomar un atol y luego a Zaragoza, estuvimos jugando futbolito con tu papá y hermanos, estuvo shidooooo, mi padre me llamó, pero no le pude contestar y cuando regresé a casa tuve un platica extensa con mi familia.
15/06/2025;Comenzamos el día con dominical y luego a comer camarones y mojarra jajajaja pasar todo mi domingo contigo es bonitooooo, incluso en la noche ya estaba invitadooo jajaja pero mi padre me llamó para contarme un situación que tú ya conoces, entonces tocó ir y hablar, aunque ya sabía me dolió de igual manera. 
16/06/2025;No me siento bien, todo el caso con mi padre me tiene un poquito desconcertado, actualmente solo quiero un abrazo tuyo y así fue, me voy a quedar contigo hoy, subí caminando fresh, aunque no se dio cuenta el señor de siempre, es bonito dormir a tu lado y que me escuches, aunque todo se salió de las manos y dormimos medio molestos, se añaden más cosas a mi cabeza. 
17/06/2025;Ya está todo bien, fuimos por el pie y cafecitoooo, aunque se nos fue el rollo y te llevé hasta tu casa, ya estaba el doncito ahí y también vimos a tu hermano jajajajaja luego llegué a tu casa, como se está haciendo costumbre en las noches y que bonito pasar tiempo a tu lado. 
18/06/2025;"Ibamos a ir al gym, pero estaba lloviendo, aunque después se quitó y ya fuimos, así que todo bien, en el día normalito, te tocó contar canastas jajaja y yo me fui a hacer un corte de cabello, esperaba que me dijeras guapo o algo así ;( me estaba sintiendo demasiado mal, hasta me dolió la cabeza, pero luego te acercas, me abrazaste (Eso necesitaba) y me empecé a calmar, terminé mi examen y todo bien. "
19/06/2025;"Hoy no fuimos al gym, me quise desviar porque ya no aguantaba y quería que alguien me escuchara, el día estuvo bien y tranquilo, la cabeza mantiene dolor, después en la noche llegué a grabar mi video y todo bien, luego nos molestamos (nuevamente ;() y yo fui a comer con mi familia para hablar de nuestra situación, regresé, hablamos en llamada un tiempo extenso y por un momentó pensé que habíamos solucionado todo."
20/06/2025;"Que día más pesado, la verdad ha estado complicada y tensa la situación si bien quiero darte tu espacio sin hablar, está complicado aguantar, fui a hablar contigo y tu recibimiento me hizo cambiar, un abracito y escuchar ""amor"" fuaaaa, me cambió totalmenteeee, y pues de una vez me quedé a mimir jajajaja cosa que estuvo shidaaaa, nos bañamos juntitooos aunque no querías JAJAJAJ pero se dioooooooooooooooooooooooooo JJAJAJA "
21/06/2025;
